path,referenced,action
assets/puzzle-library/animals/pv-361-african-elephant/image.jpg,True,keep
assets/puzzle-library/animals/pv-362-bengal-tiger/image.jpg,True,keep
assets/puzzle-library/animals/pv-363-lion/image.jpg,True,keep
assets/puzzle-library/animals/pv-364-cheetah/image.jpg,True,keep
assets/puzzle-library/animals/pv-365-giraffe/image.jpg,True,keep
assets/puzzle-library/animals/pv-366-zebra/image.jpg,True,keep
assets/puzzle-library/animals/pv-367-giant-panda/image.jpg,True,keep
assets/puzzle-library/animals/pv-368-polar-bear/image.jpg,True,keep
assets/puzzle-library/animals/pv-369-blue-whale/image.jpg,True,keep
assets/puzzle-library/animals/pv-370-dolphin/image.png,True,keep
assets/puzzle-library/animals/pv-371-orca/image.jpg,True,keep
assets/puzzle-library/animals/pv-372-kangaroo/image.jpg,True,keep
assets/puzzle-library/animals/pv-373-koala/image.jpg,True,keep
assets/puzzle-library/animals/pv-374-red-panda/image.jpg,True,keep
assets/puzzle-library/animals/pv-375-snow-leopard/image.jpg,True,keep
assets/puzzle-library/animals/pv-376-gray-wolf/image.jpg,True,keep
assets/puzzle-library/animals/pv-377-brown-bear/image.jpg,True,keep
assets/puzzle-library/animals/pv-378-rhinoceros/image.jpg,True,keep
assets/puzzle-library/animals/pv-379-hippopotamus/image.jpg,True,keep
assets/puzzle-library/animals/pv-380-gorilla/image.jpg,True,keep
assets/puzzle-library/animals/pv-381-chimpanzee/image.jpg,True,keep
assets/puzzle-library/animals/pv-382-orangutan/image.jpg,True,keep
assets/puzzle-library/animals/pv-383-sloth/image.jpg,True,keep
assets/puzzle-library/animals/pv-384-meerkat/image.jpg,True,keep
assets/puzzle-library/animals/pv-385-otter/image.jpg,True,keep
assets/puzzle-library/animals/pv-386-platypus/image.jpg,True,keep
assets/puzzle-library/animals/pv-387-eagle/image.jpg,True,keep
assets/puzzle-library/animals/pv-388-peacock/image.jpg,True,keep
assets/puzzle-library/animals/pv-389-flamingo/image.jpg,True,keep
assets/puzzle-library/animals/pv-390-penguin/image.jpg,True,keep
assets/puzzle-library/animals/pv-391-owl/image.jpg,True,keep
assets/puzzle-library/animals/pv-392-parrot/image.jpg,True,keep
assets/puzzle-library/animals/pv-393-hornbill/image.jpg,True,keep
assets/puzzle-library/animals/pv-394-albatross/image.jpg,True,keep
assets/puzzle-library/animals/pv-395-crocodile/image.jpg,True,keep
assets/puzzle-library/animals/pv-396-komodo-dragon/image.jpg,True,keep
assets/puzzle-library/animals/pv-397-sea-turtle/image.jpg,True,keep
assets/puzzle-library/animals/pv-398-iguana/image.jpg,True,keep
assets/puzzle-library/animals/pv-399-python/image.jpg,True,keep
assets/puzzle-library/animals/pv-400-king-cobra/image.jpg,True,keep
assets/puzzle-library/animals/pv-401-poison-dart-frog/image.jpg,True,keep
assets/puzzle-library/animals/pv-402-salamander/image.jpg,True,keep
assets/puzzle-library/animals/pv-403-great-white-shark/image.jpg,True,keep
assets/puzzle-library/animals/pv-404-manta-ray/image.jpg,True,keep
assets/puzzle-library/animals/pv-405-whale-shark/image.jpg,True,keep
assets/puzzle-library/animals/pv-406-clown-triggerfish/image.jpg,True,keep
assets/puzzle-library/animals/pv-407-mandarinfish/image.jpg,True,keep
assets/puzzle-library/animals/pv-408-lionfish/image.jpg,True,keep
assets/puzzle-library/animals/pv-409-moorish-idol/image.jpg,True,keep
assets/puzzle-library/animals/pv-410-emperor-angelfish/image.jpg,True,keep
assets/puzzle-library/animals/pv-411-regal-blue-tang/image.jpg,True,keep
assets/puzzle-library/animals/pv-412-naso-tang/image.jpg,True,keep
assets/puzzle-library/animals/pv-413-cleaner-wrasse/image.jpg,True,keep
assets/puzzle-library/animals/pv-414-giant-clam/image.jpg,True,keep
assets/puzzle-library/animals/pv-415-crown-of-thorns-starfish/image.jpg,True,keep
assets/puzzle-library/animals/pv-416-jellyfish/image.jpg,True,keep
assets/puzzle-library/animals/pv-417-anemone/image.jpg,True,keep
assets/puzzle-library/animals/pv-418-portuguese-man-o-war/image.jpg,True,keep
assets/puzzle-library/animals/pv-419-cuttlefish/image.jpg,True,keep
assets/puzzle-library/animals/pv-420-moray-eel/image.jpg,True,keep
assets/puzzle-library/clouds/pv-191-cumulus/image.jpg,True,keep
assets/puzzle-library/clouds/pv-192-stratus/image.jpg,True,keep
assets/puzzle-library/clouds/pv-193-cirrus/image.jpg,True,keep
assets/puzzle-library/clouds/pv-194-cumulonimbus/image.jpg,True,keep
assets/puzzle-library/clouds/pv-195-altocumulus/image.jpg,True,keep
assets/puzzle-library/clouds/pv-196-altostratus/image.jpg,True,keep
assets/puzzle-library/clouds/pv-197-nimbostratus/image.jpg,True,keep
assets/puzzle-library/clouds/pv-198-stratocumulus/image.jpg,True,keep
assets/puzzle-library/clouds/pv-199-cirrostratus/image.jpg,True,keep
assets/puzzle-library/clouds/pv-200-cirrocumulus/image.jpg,True,keep
assets/puzzle-library/clouds/pv-201-lenticular-cloud/image.jpg,True,keep
assets/puzzle-library/clouds/pv-202-mammatus-cloud/image.jpg,True,keep
assets/puzzle-library/clouds/pv-203-shelf-cloud/image.jpg,True,keep
assets/puzzle-library/clouds/pv-204-wall-cloud/image.jpg,True,keep
assets/puzzle-library/clouds/pv-205-fog/image.jpg,True,keep
assets/puzzle-library/clouds/pv-206-kelvin-helmholtz-cloud/image.jpg,True,keep
assets/puzzle-library/clouds/pv-207-noctilucent-cloud/image.jpg,True,keep
assets/puzzle-library/clouds/pv-208-contrail/image.jpg,True,keep
assets/puzzle-library/clouds/pv-209-pileus-cloud/image.jpg,True,keep
assets/puzzle-library/clouds/pv-210-virga/image.jpg,True,keep
assets/puzzle-library/constellations/pv-211-orion/image.jpg,True,keep
assets/puzzle-library/constellations/pv-212-ursa-major/image.jpg,True,keep
assets/puzzle-library/constellations/pv-213-ursa-minor/image.jpg,True,keep
assets/puzzle-library/constellations/pv-214-cassiopeia/image.jpg,True,keep
assets/puzzle-library/constellations/pv-215-scorpius/image.jpg,True,keep
assets/puzzle-library/constellations/pv-216-leo/image.jpg,True,keep
assets/puzzle-library/constellations/pv-217-taurus/image.jpg,True,keep
assets/puzzle-library/constellations/pv-218-gemini/image.jpg,True,keep
assets/puzzle-library/constellations/pv-219-cancer/image.jpg,True,keep
assets/puzzle-library/constellations/pv-220-virgo/image.jpg,True,keep
assets/puzzle-library/constellations/pv-221-libra/image.jpg,True,keep
assets/puzzle-library/constellations/pv-222-sagittarius/image.jpg,True,keep
assets/puzzle-library/constellations/pv-223-capricornus/image.jpg,True,keep
assets/puzzle-library/constellations/pv-224-aquarius/image.jpg,True,keep
assets/puzzle-library/constellations/pv-225-pisces/image.png,True,keep
assets/puzzle-library/constellations/pv-226-aries/image.jpg,True,keep
assets/puzzle-library/constellations/pv-227-canis-major/image.jpg,True,keep
assets/puzzle-library/constellations/pv-228-canis-minor/image.jpg,True,keep
assets/puzzle-library/constellations/pv-229-cygnus/image.jpg,True,keep
assets/puzzle-library/constellations/pv-230-lyra/image.jpg,True,keep
assets/puzzle-library/constellations/pv-231-aquila/image.jpg,True,keep
assets/puzzle-library/constellations/pv-232-crux/image.jpg,True,keep
assets/puzzle-library/constellations/pv-233-centaurus/image.jpg,True,keep
assets/puzzle-library/constellations/pv-234-carina/image.jpg,True,keep
assets/puzzle-library/constellations/pv-235-vela/image.jpg,True,keep
assets/puzzle-library/constellations/pv-236-puppis/image.jpg,True,keep
assets/puzzle-library/constellations/pv-237-pegasus/image.jpg,True,keep
assets/puzzle-library/constellations/pv-238-andromeda/image.jpg,True,keep
assets/puzzle-library/constellations/pv-239-perseus/image.jpg,True,keep
assets/puzzle-library/constellations/pv-240-hercules/image.jpg,True,keep
assets/puzzle-library/constellations/pv-241-draco/image.jpg,True,keep
assets/puzzle-library/constellations/pv-242-cepheus/image.jpg,True,keep
assets/puzzle-library/constellations/pv-243-bo-tes/image.jpg,True,keep
assets/puzzle-library/constellations/pv-244-corona-borealis/image.jpg,True,keep
assets/puzzle-library/constellations/pv-245-delphinus/image.jpg,True,keep
assets/puzzle-library/constellations/pv-246-phoenix/image.jpg,True,keep
assets/puzzle-library/constellations/pv-247-hydra/image.jpg,True,keep
assets/puzzle-library/constellations/pv-248-lupus/image.jpg,True,keep
assets/puzzle-library/constellations/pv-249-grus/image.jpg,True,keep
assets/puzzle-library/constellations/pv-250-pavo/image.jpg,True,keep
assets/puzzle-library/corals/pv-286-staghorn-coral/image.jpg,True,keep
assets/puzzle-library/corals/pv-287-elkhorn-coral/image.jpg,True,keep
assets/puzzle-library/corals/pv-288-brain-coral/image.jpg,True,keep
assets/puzzle-library/corals/pv-289-table-coral/image.jpg,True,keep
assets/puzzle-library/corals/pv-290-bubble-coral/image.jpg,True,keep
assets/puzzle-library/corals/pv-291-hammer-coral/image.jpg,True,keep
assets/puzzle-library/corals/pv-292-torch-coral/image.jpg,True,keep
assets/puzzle-library/corals/pv-293-frogspawn-coral/image.jpg,True,keep
assets/puzzle-library/corals/pv-294-mushroom-coral/image.jpg,True,keep
assets/puzzle-library/corals/pv-295-plate-coral/image.png,True,keep
assets/puzzle-library/corals/pv-296-montipora-capricornis/image.png,True,keep
assets/puzzle-library/corals/pv-297-pocillopora-coral/image.jpg,True,keep
assets/puzzle-library/corals/pv-298-birdsnest-coral/image.jpg,True,keep
assets/puzzle-library/corals/pv-299-porites-coral/image.jpg,True,keep
assets/puzzle-library/corals/pv-300-gorgonian-sea-fan/image.jpg,True,keep
assets/puzzle-library/corals/pv-301-blue-coral/image.jpg,True,keep
assets/puzzle-library/corals/pv-302-fire-coral/image.jpg,True,keep
assets/puzzle-library/corals/pv-303-leather-coral/image.jpg,True,keep
assets/puzzle-library/corals/pv-304-xenia-coral/image.jpg,True,keep
assets/puzzle-library/corals/pv-305-zoanthids/image.jpg,True,keep
assets/puzzle-library/corals/pv-306-palythoa/image.jpg,True,keep
assets/puzzle-library/corals/pv-307-sun-coral/image.jpg,True,keep
assets/puzzle-library/corals/pv-308-dendrophyllia-coral/image.jpg,True,keep
assets/puzzle-library/corals/pv-309-chalice-coral/image.png,True,keep
assets/puzzle-library/corals/pv-310-acan-coral/image.jpg,True,keep
assets/puzzle-library/corals/pv-311-favites-coral/image.jpg,True,keep
assets/puzzle-library/corals/pv-312-favia-coral/image.jpg,True,keep
assets/puzzle-library/corals/pv-313-candy-cane-coral/image.jpg,True,keep
assets/puzzle-library/corals/pv-314-open-brain-coral/image.jpg,True,keep
assets/puzzle-library/corals/pv-315-galaxea-coral/image.jpg,True,keep
assets/puzzle-library/deep_sea/pv-251-anglerfish/image.jpg,True,keep
assets/puzzle-library/deep_sea/pv-252-giant-squid/image.jpg,True,keep
assets/puzzle-library/deep_sea/pv-253-vampire-squid/image.jpg,True,keep
assets/puzzle-library/deep_sea/pv-254-goblin-shark/image.jpg,True,keep
assets/puzzle-library/deep_sea/pv-255-gulper-eel/image.jpg,True,keep
assets/puzzle-library/deep_sea/pv-256-barreleye-fish/image.jpg,True,keep
assets/puzzle-library/deep_sea/pv-257-dumbo-octopus/image.png,True,keep
assets/puzzle-library/deep_sea/pv-258-fangtooth-fish/image.jpg,True,keep
assets/puzzle-library/deep_sea/pv-259-black-dragonfish/image.png,True,keep
assets/puzzle-library/deep_sea/pv-260-hatchetfish/image.jpg,True,keep
assets/puzzle-library/deep_sea/pv-261-lanternfish/image.jpg,True,keep
assets/puzzle-library/deep_sea/pv-262-siphonophore/image.jpg,True,keep
assets/puzzle-library/deep_sea/pv-263-giant-isopod/image.jpg,True,keep
assets/puzzle-library/deep_sea/pv-264-yeti-crab/image.jpg,True,keep
assets/puzzle-library/deep_sea/pv-265-hydrothermal-vent-worm/image.jpg,True,keep
assets/puzzle-library/deep_sea/pv-266-sea-pig/image.jpg,True,keep
assets/puzzle-library/deep_sea/pv-267-blobfish/image.jpg,True,keep
assets/puzzle-library/deep_sea/pv-268-coelacanth/image.jpg,True,keep
assets/puzzle-library/deep_sea/pv-269-frilled-shark/image.jpg,True,keep
assets/puzzle-library/deep_sea/pv-270-megamouth-shark/image.jpg,True,keep
assets/puzzle-library/deep_sea/pv-271-sixgill-shark/image.png,True,keep
assets/puzzle-library/deep_sea/pv-272-oarfish/image.jpg,True,keep
assets/puzzle-library/deep_sea/pv-273-deep-sea-medusa/image.jpg,True,keep
assets/puzzle-library/deep_sea/pv-274-comb-jelly/image.jpg,True,keep
assets/puzzle-library/deep_sea/pv-275-glass-squid/image.jpg,True,keep
assets/puzzle-library/deep_sea/pv-276-pelican-eel/image.jpg,True,keep
assets/puzzle-library/deep_sea/pv-277-stoplight-loosejaw/image.jpg,True,keep
assets/puzzle-library/deep_sea/pv-278-cookiecutter-shark/image.jpg,True,keep
assets/puzzle-library/deep_sea/pv-279-sea-angel/image.jpg,True,keep
assets/puzzle-library/deep_sea/pv-280-sea-butterfly/image.jpg,True,keep
assets/puzzle-library/deep_sea/pv-281-bristlemouth/image.jpg,True,keep
assets/puzzle-library/deep_sea/pv-282-tripod-fish/image.jpg,True,keep
assets/puzzle-library/deep_sea/pv-283-viperfish/image.jpg,True,keep
assets/puzzle-library/deep_sea/pv-284-deep-sea-coral/image.jpg,True,keep
assets/puzzle-library/deep_sea/pv-285-hydrothermal-vent-shrimp/image.jpg,True,keep
assets/puzzle-library/dinosaurs_extinct_animals/pv-421-tyrannosaurus-rex/image.jpg,True,keep
assets/puzzle-library/dinosaurs_extinct_animals/pv-422-triceratops/image.jpg,True,keep
assets/puzzle-library/dinosaurs_extinct_animals/pv-423-velociraptor/image.jpg,True,keep
assets/puzzle-library/dinosaurs_extinct_animals/pv-424-stegosaurus/image.jpg,True,keep
assets/puzzle-library/dinosaurs_extinct_animals/pv-425-brachiosaurus/image.png,True,keep
assets/puzzle-library/dinosaurs_extinct_animals/pv-426-diplodocus/image.jpg,True,keep
assets/puzzle-library/dinosaurs_extinct_animals/pv-427-spinosaurus/image.png,True,keep
assets/puzzle-library/dinosaurs_extinct_animals/pv-428-ankylosaurus/image.jpg,True,keep
assets/puzzle-library/dinosaurs_extinct_animals/pv-429-iguanodon/image.jpg,True,keep
assets/puzzle-library/dinosaurs_extinct_animals/pv-430-parasaurolophus/image.jpg,True,keep
assets/puzzle-library/dinosaurs_extinct_animals/pv-431-pachycephalosaurus/image.jpg,True,keep
assets/puzzle-library/dinosaurs_extinct_animals/pv-432-allosaurus/image.jpg,True,keep
assets/puzzle-library/dinosaurs_extinct_animals/pv-433-archaeopteryx/image.jpg,True,keep
assets/puzzle-library/dinosaurs_extinct_animals/pv-434-microraptor/image.jpg,True,keep
assets/puzzle-library/dinosaurs_extinct_animals/pv-435-carnotaurus/image.jpg,True,keep
assets/puzzle-library/dinosaurs_extinct_animals/pv-436-giganotosaurus/image.jpg,True,keep
assets/puzzle-library/dinosaurs_extinct_animals/pv-437-deinonychus/image.jpg,True,keep
assets/puzzle-library/dinosaurs_extinct_animals/pv-438-therizinosaurus/image.png,True,keep
assets/puzzle-library/dinosaurs_extinct_animals/pv-439-pteranodon/image.jpg,True,keep
assets/puzzle-library/dinosaurs_extinct_animals/pv-440-quetzalcoatlus/image.png,True,keep
assets/puzzle-library/dinosaurs_extinct_animals/pv-441-mosasaurus/image.png,True,keep
assets/puzzle-library/dinosaurs_extinct_animals/pv-442-plesiosaurus/image.jpg,True,keep
assets/puzzle-library/dinosaurs_extinct_animals/pv-443-ichthyosaurus/image.jpg,True,keep
assets/puzzle-library/dinosaurs_extinct_animals/pv-444-dimetrodon/image.jpg,True,keep
assets/puzzle-library/dinosaurs_extinct_animals/pv-445-mammoth/image.jpg,True,keep
assets/puzzle-library/dinosaurs_extinct_animals/pv-446-saber-toothed-cat/image.jpg,True,keep
assets/puzzle-library/dinosaurs_extinct_animals/pv-447-dodo/image.jpg,True,keep
assets/puzzle-library/dinosaurs_extinct_animals/pv-448-great-auk/image.jpg,True,keep
assets/puzzle-library/dinosaurs_extinct_animals/pv-449-tasmanian-tiger/image.jpg,True,keep
assets/puzzle-library/dinosaurs_extinct_animals/pv-450-passenger-pigeon/image.jpg,True,keep
assets/puzzle-library/dinosaurs_extinct_animals/pv-451-megatherium/image.jpg,True,keep
assets/puzzle-library/dinosaurs_extinct_animals/pv-452-glyptodon/image.jpg,True,keep
assets/puzzle-library/dinosaurs_extinct_animals/pv-453-megalodon/image.png,True,keep
assets/puzzle-library/dinosaurs_extinct_animals/pv-454-dunkleosteus/image.jpg,True,keep
assets/puzzle-library/dinosaurs_extinct_animals/pv-455-trilobite/image.jpg,True,keep
assets/puzzle-library/dinosaurs_extinct_animals/pv-456-ammonite/image.jpg,True,keep
assets/puzzle-library/dinosaurs_extinct_animals/pv-457-hallucigenia/image.jpg,True,keep
assets/puzzle-library/dinosaurs_extinct_animals/pv-458-anomalocaris/image.jpg,True,keep
assets/puzzle-library/dinosaurs_extinct_animals/pv-459-tiktaalik/image.jpg,True,keep
assets/puzzle-library/dinosaurs_extinct_animals/pv-460-haast-eagle/image.jpg,True,keep
assets/puzzle-library/extinct_civilizations/pv-461-indus-valley-civilization/image.jpg,True,keep
assets/puzzle-library/extinct_civilizations/pv-462-ancient-egypt/image.jpg,True,keep
assets/puzzle-library/extinct_civilizations/pv-463-mesopotamia/image.jpg,True,keep
assets/puzzle-library/extinct_civilizations/pv-464-sumer/image.jpg,True,keep
assets/puzzle-library/extinct_civilizations/pv-465-akkadian-empire/image.jpg,True,keep
assets/puzzle-library/extinct_civilizations/pv-466-babylonian-civilization/image.jpg,True,keep
assets/puzzle-library/extinct_civilizations/pv-467-assyrian-empire/image.jpg,True,keep
assets/puzzle-library/extinct_civilizations/pv-468-hittite-empire/image.png,True,keep
assets/puzzle-library/extinct_civilizations/pv-469-minoan-civilization/image.jpg,True,keep
assets/puzzle-library/extinct_civilizations/pv-470-mycenaean-greece/image.jpg,True,keep
assets/puzzle-library/extinct_civilizations/pv-471-ancient-greece/image.jpg,True,keep
assets/puzzle-library/extinct_civilizations/pv-472-roman-empire/image.png,True,keep
assets/puzzle-library/extinct_civilizations/pv-473-etruscan-civilization/image.jpg,True,keep
assets/puzzle-library/extinct_civilizations/pv-474-phoenician-civilization/image.jpg,True,keep
assets/puzzle-library/extinct_civilizations/pv-475-carthaginian-civilization/image.png,True,keep
assets/puzzle-library/extinct_civilizations/pv-476-persian-achaemenid-empire/image.jpg,True,keep
assets/puzzle-library/extinct_civilizations/pv-477-maurya-empire/image.jpg,True,keep
assets/puzzle-library/extinct_civilizations/pv-478-gupta-empire/image.jpg,True,keep
assets/puzzle-library/extinct_civilizations/pv-479-chola-empire/image.jpg,True,keep
assets/puzzle-library/extinct_civilizations/pv-480-vijayanagara-empire/image.jpg,True,keep
assets/puzzle-library/extinct_civilizations/pv-481-khmer-empire/image.jpg,True,keep
assets/puzzle-library/extinct_civilizations/pv-482-maya-civilization/image.jpg,True,keep
assets/puzzle-library/extinct_civilizations/pv-483-aztec-empire/image.png,True,keep
assets/puzzle-library/extinct_civilizations/pv-484-inca-empire/image.jpg,True,keep
assets/puzzle-library/extinct_civilizations/pv-485-olmec-civilization/image.jpg,True,keep
assets/puzzle-library/extinct_civilizations/pv-486-zapotec-civilization/image.jpg,True,keep
assets/puzzle-library/extinct_civilizations/pv-487-nazca-culture/image.jpg,True,keep
assets/puzzle-library/extinct_civilizations/pv-488-moche-civilization/image.jpg,True,keep
assets/puzzle-library/extinct_civilizations/pv-489-tiwanaku-civilization/image.jpg,True,keep
assets/puzzle-library/extinct_civilizations/pv-490-norte-chico-civilization/image.jpg,True,keep
assets/puzzle-library/extinct_civilizations/pv-491-ancient-china-shang-dynasty/image.jpg,True,keep
assets/puzzle-library/extinct_civilizations/pv-492-zhou-dynasty/image.jpg,True,keep
assets/puzzle-library/extinct_civilizations/pv-493-han-dynasty/image.jpg,True,keep
assets/puzzle-library/extinct_civilizations/pv-494-mongol-empire/image.jpg,True,keep
assets/puzzle-library/extinct_civilizations/pv-495-nubian-kingdom-of-kush/image.jpg,True,keep
assets/puzzle-library/extinct_civilizations/pv-496-aksumite-empire/image.jpg,True,keep
assets/puzzle-library/extinct_civilizations/pv-497-great-zimbabwe/image.jpg,True,keep
assets/puzzle-library/extinct_civilizations/pv-498-benin-kingdom/image.jpg,True,keep
assets/puzzle-library/extinct_civilizations/pv-499-mali-empire/image.png,True,keep
assets/puzzle-library/extinct_civilizations/pv-500-songhai-empire/image.jpg,True,keep
assets/puzzle-library/famous_people/pv-081-albert-einstein/image.jpg,True,keep
assets/puzzle-library/famous_people/pv-082-marie-curie/image.jpg,True,keep
assets/puzzle-library/famous_people/pv-083-isaac-newton/image.jpg,True,keep
assets/puzzle-library/famous_people/pv-084-charles-darwin/image.jpg,True,keep
assets/puzzle-library/famous_people/pv-085-ada-lovelace/image.jpg,True,keep
assets/puzzle-library/famous_people/pv-086-nikola-tesla/image.jpg,True,keep
assets/puzzle-library/famous_people/pv-087-leonardo-da-vinci/image.png,True,keep
assets/puzzle-library/famous_people/pv-088-galileo-galilei/image.jpg,True,keep
assets/puzzle-library/famous_people/pv-089-katherine-johnson/image.jpg,True,keep
assets/puzzle-library/famous_people/pv-090-rosalind-franklin/image.jpg,True,keep
assets/puzzle-library/famous_people/pv-091-alan-turing/image.jpg,True,keep
assets/puzzle-library/famous_people/pv-092-srinivasa-ramanujan/image.jpg,True,keep
assets/puzzle-library/famous_people/pv-093-c-v-raman/image.jpg,True,keep
assets/puzzle-library/famous_people/pv-094-a-p-j-abdul-kalam/image.jpg,True,keep
assets/puzzle-library/famous_people/pv-095-homi-j-bhabha/image.jpg,True,keep
assets/puzzle-library/famous_people/pv-096-jagadish-chandra-bose/image.jpg,True,keep
assets/puzzle-library/famous_people/pv-097-m-s-swaminathan/image.jpg,True,keep
assets/puzzle-library/famous_people/pv-098-vikram-sarabhai/image.jpg,True,keep
assets/puzzle-library/famous_people/pv-099-stephen-hawking/image.jpg,True,keep
assets/puzzle-library/famous_people/pv-100-jane-goodall/image.jpg,True,keep
assets/puzzle-library/famous_people/pv-101-carl-sagan/image.jpg,True,keep
assets/puzzle-library/famous_people/pv-102-neil-armstrong/image.jpg,True,keep
assets/puzzle-library/famous_people/pv-103-yuri-gagarin/image.jpg,True,keep
assets/puzzle-library/famous_people/pv-104-valentina-tereshkova/image.jpg,True,keep
assets/puzzle-library/famous_people/pv-105-mae-jemison/image.jpg,True,keep
assets/puzzle-library/famous_people/pv-106-wangari-maathai/image.jpg,True,keep
assets/puzzle-library/famous_people/pv-107-nelson-mandela/image.jpg,True,keep
assets/puzzle-library/famous_people/pv-108-mahatma-gandhi/image.jpg,True,keep
assets/puzzle-library/famous_people/pv-109-martin-luther-king-jr/image.jpg,True,keep
assets/puzzle-library/famous_people/pv-110-abraham-lincoln/image.jpg,True,keep
assets/puzzle-library/famous_people/pv-111-george-washington/image.jpg,True,keep
assets/puzzle-library/famous_people/pv-112-queen-elizabeth-i/image.jpg,True,keep
assets/puzzle-library/famous_people/pv-113-cleopatra/image.jpg,True,keep
assets/puzzle-library/famous_people/pv-114-ashoka/image.jpg,True,keep
assets/puzzle-library/famous_people/pv-115-akbar/image.jpg,True,keep
assets/puzzle-library/famous_people/pv-116-rani-lakshmibai/image.jpg,True,keep
assets/puzzle-library/famous_people/pv-117-tipu-sultan/image.jpg,True,keep
assets/puzzle-library/famous_people/pv-118-chanakya/image.jpg,True,keep
assets/puzzle-library/famous_people/pv-119-confucius/image.jpg,True,keep
assets/puzzle-library/famous_people/pv-120-socrates/image.jpg,True,keep
assets/puzzle-library/famous_people/pv-121-aristotle/image.jpg,True,keep
assets/puzzle-library/famous_people/pv-122-plato/image.jpg,True,keep
assets/puzzle-library/famous_people/pv-123-ibn-sina/image.jpg,True,keep
assets/puzzle-library/famous_people/pv-124-ibn-battuta/image.jpg,True,keep
assets/puzzle-library/famous_people/pv-125-zheng-he/image.jpg,True,keep
assets/puzzle-library/famous_people/pv-126-marco-polo/image.jpg,True,keep
assets/puzzle-library/famous_people/pv-127-amelia-earhart/image.jpg,True,keep
assets/puzzle-library/famous_people/pv-128-wright-brothers/image.jpg,True,keep
assets/puzzle-library/famous_people/pv-129-florence-nightingale/image.jpg,True,keep
assets/puzzle-library/famous_people/pv-130-mother-teresa/image.jpg,True,keep
assets/puzzle-library/famous_people/pv-131-rabindranath-tagore/image.jpg,True,keep
assets/puzzle-library/famous_people/pv-132-william-shakespeare/image.jpg,True,keep
assets/puzzle-library/famous_people/pv-133-homer/image.jpg,True,keep
assets/puzzle-library/famous_people/pv-134-murasaki-shikibu/image.jpg,True,keep
assets/puzzle-library/famous_people/pv-135-frida-kahlo/image.jpg,True,keep
assets/puzzle-library/famous_people/pv-136-vincent-van-gogh/image.jpg,True,keep
assets/puzzle-library/famous_people/pv-137-pablo-picasso/image.jpg,True,keep
assets/puzzle-library/famous_people/pv-138-michelangelo/image.jpg,True,keep
assets/puzzle-library/famous_people/pv-139-raphael/image.jpg,True,keep
assets/puzzle-library/famous_people/pv-140-beethoven/image.jpg,True,keep
assets/puzzle-library/famous_people/pv-141-mozart/image.jpg,True,keep
assets/puzzle-library/famous_people/pv-142-tansen/image.jpg,True,keep
assets/puzzle-library/famous_people/pv-143-m-s-subbulakshmi/image.jpg,True,keep
assets/puzzle-library/famous_people/pv-144-lata-mangeshkar/image.jpg,True,keep
assets/puzzle-library/famous_people/pv-145-b-r-ambedkar/image.jpg,True,keep
assets/puzzle-library/famous_people/pv-146-savitribai-phule/image.jpg,True,keep
assets/puzzle-library/famous_people/pv-147-kalpana-chawla/image.jpg,True,keep
assets/puzzle-library/famous_people/pv-148-sunita-williams/image.jpg,True,keep
assets/puzzle-library/famous_people/pv-149-mary-anning/image.jpg,True,keep
assets/puzzle-library/science_discoveries/pv-159-dna-double-helix/image.png,True,keep
assets/puzzle-library/science_discoveries/pv-160-cell-structure/image.jpg,True,keep
assets/puzzle-library/science_discoveries/pv-161-human-skeleton/image.jpg,True,keep
assets/puzzle-library/science_discoveries/pv-162-heart-anatomy/image.jpg,True,keep
assets/puzzle-library/science_discoveries/pv-163-neuron/image.jpg,True,keep
assets/puzzle-library/science_discoveries/pv-164-photosynthesis/image.jpg,True,keep
assets/puzzle-library/science_discoveries/pv-165-water-cycle/image.png,True,keep
assets/puzzle-library/science_discoveries/pv-166-volcano/image.jpg,True,keep
assets/puzzle-library/science_discoveries/pv-167-earthquake-fault/image.jpg,True,keep
assets/puzzle-library/science_discoveries/pv-168-plate-tectonics/image.jpg,True,keep
assets/puzzle-library/science_discoveries/pv-169-fossil-formation/image.png,True,keep
assets/puzzle-library/science_discoveries/pv-170-microscope/image.jpg,True,keep
assets/puzzle-library/science_discoveries/pv-171-telescope/image.jpg,True,keep
assets/puzzle-library/science_discoveries/pv-172-compass/image.jpg,True,keep
assets/puzzle-library/science_discoveries/pv-173-steam-engine/image.jpg,True,keep
assets/puzzle-library/science_discoveries/pv-174-printing-press/image.jpg,True,keep
assets/puzzle-library/science_discoveries/pv-175-light-bulb/image.jpg,True,keep
assets/puzzle-library/science_discoveries/pv-176-telephone/image.jpg,True,keep
assets/puzzle-library/science_discoveries/pv-177-radio/image.jpg,True,keep
assets/puzzle-library/science_discoveries/pv-178-airplane/image.jpg,True,keep
assets/puzzle-library/science_discoveries/pv-179-rocket/image.jpg,True,keep
assets/puzzle-library/science_discoveries/pv-180-electric-motor/image.jpg,True,keep
assets/puzzle-library/science_discoveries/pv-182-wind-turbine/image.jpg,True,keep
assets/puzzle-library/science_discoveries/pv-183-computer-chip/image.jpg,True,keep
assets/puzzle-library/science_discoveries/pv-184-robot-arm/image.png,True,keep
assets/puzzle-library/science_discoveries/pv-185-vaccination/image.jpg,True,keep
assets/puzzle-library/science_discoveries/pv-186-antibiotics/image.png,True,keep
assets/puzzle-library/science_discoveries/pv-187-x-ray-image/image.jpg,True,keep
assets/puzzle-library/science_discoveries/pv-188-periodic-table/image.jpg,True,keep
assets/puzzle-library/science_discoveries/pv-189-atom-model/image.jpg,True,keep
assets/puzzle-library/science_discoveries/pv-190-periodic-crystal-structure/image.jpg,True,keep
assets/puzzle-library/small_critters/pv-316-honeybee/image.jpg,True,keep
assets/puzzle-library/small_critters/pv-317-ladybird-beetle/image.jpg,True,keep
assets/puzzle-library/small_critters/pv-318-praying-mantis/image.jpg,True,keep
assets/puzzle-library/small_critters/pv-319-dragonfly/image.jpg,True,keep
assets/puzzle-library/small_critters/pv-320-damselfly/image.jpg,True,keep
assets/puzzle-library/small_critters/pv-321-firefly/image.jpg,True,keep
assets/puzzle-library/small_critters/pv-322-monarch-butterfly/image.jpg,True,keep
assets/puzzle-library/small_critters/pv-323-atlas-moth/image.jpg,True,keep
assets/puzzle-library/small_critters/pv-324-leafcutter-ant/image.jpg,True,keep
assets/puzzle-library/small_critters/pv-325-termite/image.jpg,True,keep
assets/puzzle-library/small_critters/pv-326-jumping-spider/image.jpg,True,keep
assets/puzzle-library/small_critters/pv-327-tarantula/image.jpg,True,keep
assets/puzzle-library/small_critters/pv-328-scorpion/image.jpg,True,keep
assets/puzzle-library/small_critters/pv-329-horseshoe-crab/image.jpg,True,keep
assets/puzzle-library/small_critters/pv-330-hermit-crab/image.jpg,True,keep
assets/puzzle-library/small_critters/pv-331-mantis-shrimp/image.jpg,True,keep
assets/puzzle-library/small_critters/pv-332-cleaner-shrimp/image.jpg,True,keep
assets/puzzle-library/small_critters/pv-333-copepod/image.jpg,True,keep
assets/puzzle-library/small_critters/pv-334-krill/image.png,True,keep
assets/puzzle-library/small_critters/pv-335-water-bear-tardigrade/image.png,True,keep
assets/puzzle-library/small_critters/pv-336-planarian-flatworm/image.jpg,True,keep
assets/puzzle-library/small_critters/pv-337-earthworm/image.jpg,True,keep
assets/puzzle-library/small_critters/pv-338-leech/image.jpg,True,keep
assets/puzzle-library/small_critters/pv-339-nudibranch/image.jpg,True,keep
assets/puzzle-library/small_critters/pv-340-sea-star/image.jpg,True,keep
assets/puzzle-library/small_critters/pv-341-brittle-star/image.jpg,True,keep
assets/puzzle-library/small_critters/pv-342-sea-urchin/image.jpg,True,keep
assets/puzzle-library/small_critters/pv-343-sea-cucumber/image.jpg,True,keep
assets/puzzle-library/small_critters/pv-344-feather-star/image.png,True,keep
assets/puzzle-library/small_critters/pv-345-snail/image.jpg,True,keep
assets/puzzle-library/small_critters/pv-346-octopus/image.jpg,True,keep
assets/puzzle-library/small_critters/pv-347-cuttlefish/image.jpg,True,keep
assets/puzzle-library/small_critters/pv-348-nautilus/image.jpg,True,keep
assets/puzzle-library/small_critters/pv-349-clownfish/image.jpg,True,keep
assets/puzzle-library/small_critters/pv-350-seahorse/image.jpg,True,keep
assets/puzzle-library/small_critters/pv-351-pipefish/image.jpg,True,keep
assets/puzzle-library/small_critters/pv-352-frog/image.jpg,True,keep
assets/puzzle-library/small_critters/pv-353-axolotl/image.jpg,True,keep
assets/puzzle-library/small_critters/pv-354-gecko/image.jpg,True,keep
assets/puzzle-library/small_critters/pv-355-chameleon/image.jpg,True,keep
assets/puzzle-library/small_critters/pv-356-hummingbird/image.jpg,True,keep
assets/puzzle-library/small_critters/pv-357-kingfisher/image.jpg,True,keep
assets/puzzle-library/small_critters/pv-358-pangolin/image.jpg,True,keep
assets/puzzle-library/small_critters/pv-359-hedgehog/image.jpg,True,keep
assets/puzzle-library/small_critters/pv-360-fennec-fox/image.jpg,True,keep
assets/puzzle-library/world_places/pv-001-taj-mahal/image.jpg,True,keep
assets/puzzle-library/world_places/pv-002-great-wall-of-china/image.jpg,True,keep
assets/puzzle-library/world_places/pv-003-machu-picchu/image.jpg,True,keep
assets/puzzle-library/world_places/pv-004-pyramids-of-giza/image.jpg,True,keep
assets/puzzle-library/world_places/pv-005-colosseum/image.jpg,True,keep
assets/puzzle-library/world_places/pv-006-eiffel-tower/image.jpg,True,keep
assets/puzzle-library/world_places/pv-007-stonehenge/image.jpg,True,keep
assets/puzzle-library/world_places/pv-008-petra/image.jpg,True,keep
assets/puzzle-library/world_places/pv-009-angkor-wat/image.jpg,True,keep
assets/puzzle-library/world_places/pv-010-chichen-itza/image.jpg,True,keep
assets/puzzle-library/world_places/pv-011-acropolis-of-athens/image.jpg,True,keep
assets/puzzle-library/world_places/pv-012-sagrada-familia/image.jpg,True,keep
assets/puzzle-library/world_places/pv-013-statue-of-liberty/image.jpg,True,keep
assets/puzzle-library/world_places/pv-014-christ-the-redeemer/image.jpg,True,keep
assets/puzzle-library/world_places/pv-015-sydney-opera-house/image.jpg,True,keep
assets/puzzle-library/world_places/pv-016-mount-fuji/image.jpg,True,keep
assets/puzzle-library/world_places/pv-017-serengeti-national-park/image.jpg,True,keep
assets/puzzle-library/world_places/pv-018-galapagos-islands/image.jpg,True,keep
assets/puzzle-library/world_places/pv-019-grand-canyon/image.jpg,True,keep
assets/puzzle-library/world_places/pv-020-victoria-falls/image.jpg,True,keep
assets/puzzle-library/world_places/pv-021-borobudur/image.jpg,True,keep
assets/puzzle-library/world_places/pv-022-lalibela-churches/image.jpg,True,keep
assets/puzzle-library/world_places/pv-023-alhambra/image.jpg,True,keep
assets/puzzle-library/world_places/pv-024-neuschwanstein-castle/image.jpg,True,keep
assets/puzzle-library/world_places/pv-025-hagia-sophia/image.jpg,True,keep
assets/puzzle-library/world_places/pv-026-forbidden-city/image.jpg,True,keep
assets/puzzle-library/world_places/pv-027-himeji-castle/image.jpg,True,keep
assets/puzzle-library/world_places/pv-028-uluru/image.jpg,True,keep
assets/puzzle-library/world_places/pv-029-iguazu-falls/image.jpg,True,keep
assets/puzzle-library/world_places/pv-030-yellowstone-national-park/image.jpg,True,keep
assets/puzzle-library/world_places/pv-031-banff-national-park/image.jpg,True,keep
assets/puzzle-library/world_places/pv-032-santorini/image.jpg,True,keep
assets/puzzle-library/world_places/pv-033-venice-canals/image.jpg,True,keep
assets/puzzle-library/world_places/pv-034-tower-bridge/image.jpg,True,keep
assets/puzzle-library/world_places/pv-035-burj-khalifa/image.jpg,True,keep
assets/puzzle-library/world_places/pv-036-prague-castle/image.jpg,True,keep
assets/puzzle-library/world_places/pv-037-meteora-monasteries/image.jpg,True,keep
assets/puzzle-library/world_places/pv-038-bagan-temples/image.jpg,True,keep
assets/puzzle-library/world_places/pv-039-moai-of-easter-island/image.jpg,True,keep
assets/puzzle-library/world_places/pv-040-nazca-lines/image.jpg,True,keep
assets/puzzle-library/world_places/pv-041-mount-kilimanjaro/image.jpg,True,keep
assets/puzzle-library/world_places/pv-042-table-mountain/image.jpg,True,keep
assets/puzzle-library/world_places/pv-043-niagara-falls/image.jpg,True,keep
assets/puzzle-library/world_places/pv-044-golden-gate-bridge/image.jpg,True,keep
assets/puzzle-library/world_places/pv-045-mount-rushmore/image.jpg,True,keep
assets/puzzle-library/world_places/pv-046-louvre-museum/image.jpg,True,keep
assets/puzzle-library/world_places/pv-047-brandenburg-gate/image.jpg,True,keep
assets/puzzle-library/world_places/pv-048-red-square/image.jpg,True,keep
assets/puzzle-library/world_places/pv-049-st-basil-cathedral/image.jpg,True,keep
assets/puzzle-library/world_places/pv-050-potala-palace/image.jpg,True,keep
assets/puzzle-library/world_places/pv-051-leshan-giant-buddha/image.jpg,True,keep
assets/puzzle-library/world_places/pv-052-mysore-palace/image.jpg,True,keep
assets/puzzle-library/world_places/pv-053-hampi-ruins/image.jpg,True,keep
assets/puzzle-library/world_places/pv-054-konark-sun-temple/image.jpg,True,keep
assets/puzzle-library/world_places/pv-055-qutub-minar/image.jpg,True,keep
assets/puzzle-library/world_places/pv-056-ajanta-caves/image.jpg,True,keep
assets/puzzle-library/world_places/pv-057-ellora-caves/image.jpg,True,keep
assets/puzzle-library/world_places/pv-058-meenakshi-temple/image.jpg,True,keep
assets/puzzle-library/world_places/pv-059-golden-temple/image.jpg,True,keep
assets/puzzle-library/world_places/pv-060-gateway-of-india/image.jpg,True,keep
assets/puzzle-library/world_places/pv-061-charminar/image.jpg,True,keep
assets/puzzle-library/world_places/pv-062-humayun-tomb/image.jpg,True,keep
assets/puzzle-library/world_places/pv-063-amber-fort/image.jpg,True,keep
assets/puzzle-library/world_places/pv-064-mehrangarh-fort/image.jpg,True,keep
assets/puzzle-library/world_places/pv-065-sanchi-stupa/image.jpg,True,keep
assets/puzzle-library/world_places/pv-066-mahabalipuram-shore-temple/image.jpg,True,keep
assets/puzzle-library/world_places/pv-067-rani-ki-vav/image.jpg,True,keep
assets/puzzle-library/world_places/pv-068-khajuraho-temples/image.jpg,True,keep
assets/puzzle-library/world_places/pv-069-nalanda-ruins/image.jpg,True,keep
assets/puzzle-library/world_places/pv-070-brihadeeswarar-temple/image.jpg,True,keep
assets/puzzle-library/world_places/pv-071-leaning-tower-of-pisa/image.jpg,True,keep
assets/puzzle-library/world_places/pv-072-sphinx-of-giza/image.jpg,True,keep
assets/puzzle-library/world_places/pv-073-luxor-temple/image.jpg,True,keep
assets/puzzle-library/world_places/pv-074-abu-simbel/image.jpg,True,keep
assets/puzzle-library/world_places/pv-075-temple-of-heaven/image.jpg,True,keep
assets/puzzle-library/world_places/pv-076-terracotta-army/image.jpg,True,keep
assets/puzzle-library/world_places/pv-077-pompeii/image.jpg,True,keep
assets/puzzle-library/world_places/pv-078-tikal/image.jpg,True,keep
assets/puzzle-library/world_places/pv-079-cappadocia/image.jpg,True,keep
assets/puzzle-library/world_places/pv-080-chefchaouen/image.jpg,True,keep
